participant,group,stimuli,response,correct
C01-HV,HV,cup,cup,1
C01-HV,HV,hat,hat,1
C01-HV,HV,skirt,skate,0
C01-HV,HV,paws,pause,0
C01-HV,HV,toys,toys,1
C01-HV,HV,cot,cot,1
C01-HV,HV,shark,shark,1
C01-HV,HV,shirt,shirt,1
C01-HV,HV,cut,cut,1
C01-HV,HV,bees,bees,1
C01-HV,HV,gate,gate,1
C01-HV,HV,boys,boys,1
C01-HV,HV,coat,coat,1
C01-HV,HV,book,book,1
C01-HV,HV,cat,cat,1
C01-HV,HV,leg,leg,1
C01-HV,HV,piers,bay,0
C01-HV,HV,road,road,1
C01-HV,HV,bike,bike,1
C01-HV,HV,house,house,1
C01-HV,HV,ring,ring,1
C01-HV,HV,food,food,1
C01-HV,HV,tears,tears,1
C01-HV,HV,ten,ten,1
C01-HV,HV,clock,clock,1
C01-HV,HV,mouse,mouse,1
C01-HV,HV,foot,foot,1
C01-HV,HV,ball,ball,1
C01-HV,HV,pears,piers,0
C01-HV,HV,kite,kite,1
C01-HV,HV,teeth,teeth,1
C01-HV,HV,park,park,1
C01-HV,HV,lid,lid,1
C01-HV,HV,bears,bears,1
C01-HV,HV,suit,suit,1
C01-HV,HV,cake,cake,1
C02-HV,HV,bees,bees,1
C02-HV,HV,piers,0,0
C02-HV,HV,teeth,teeth,1
C02-HV,HV,cake,cake,1
C02-HV,HV,mouse,mouse,1
C02-HV,HV,skirt,skirt,1
C02-HV,HV,shirt,shirt,1
C02-HV,HV,park,park,1
C02-HV,HV,house,house,1
C02-HV,HV,shark,shark,1
C02-HV,HV,suit,0,0
C02-HV,HV,bike ,bike ,1
C02-HV,HV,cat,cat,1
C02-HV,HV,ball,ball,1
C02-HV,HV,tears,tears,1
C02-HV,HV,food,food,1
C02-HV,HV,cot,0,0
C02-HV,HV,boys,boys,1
C02-HV,HV,kite,kite,1
C02-HV,HV,ring,ring,1
C02-HV,HV,road,road,1
C02-HV,HV,lid,0,0
C02-HV,HV,book,book,1
C02-HV,HV,gate,gate,1
C02-HV,HV,ten,ten,1
C02-HV,HV,pears,pears,1
C02-HV,HV,cup,cup,1
C02-HV,HV,clock,clock,1
C02-HV,HV,foot,foot,1
C02-HV,HV,bears,bears,1
C02-HV,HV,toys,toys,1
C02-HV,HV,hat,hat,1
C02-HV,HV,paws,0,0
C02-HV,HV,leg,leg,1
C02-HV,HV,cut,cut,1
C02-HV,HV,coat,coat,1
C03-HV,HV,teeth,teeth,1
C03-HV,HV,coat,coat,1
C03-HV,HV,cat,cat,1
C03-HV,HV,lid,lid,1
C03-HV,HV,cut,0,0
C03-HV,HV,bike,0,0
C03-HV,HV,road,road,1
C03-HV,HV,cake,cake,1
C03-HV,HV,bears,bears,1
C03-HV,HV,hat,hat,1
C03-HV,HV,bees,0,0
C03-HV,HV,shark,shark,1
C03-HV,HV,mouse,mouse,1
C03-HV,HV,tears,tears,1
C03-HV,HV,skirt,0,0
C03-HV,HV,book,0,0
C03-HV,HV,gate,gate,1
C03-HV,HV,kite,0,0
C03-HV,HV,house,0,0
C03-HV,HV,boys,boys,1
C03-HV,HV,park,park,1
C03-HV,HV,piers,0,0
C03-HV,HV,pears,0,0
C03-HV,HV,cup,cup,1
C03-HV,HV,cot,0,0
C03-HV,HV,foot,foot,1
C03-HV,HV,clock,clock,1
C03-HV,HV,ball,ball,1
C03-HV,HV,suit,0,0
C03-HV,HV,paws,0,0
C03-HV,HV,toys,toys,1
C03-HV,HV,shirt,shirt,1
C03-HV,HV,leg,leg,1
C03-HV,HV,ten,ten,1
C03-HV,HV,food,food,1
C03-HV,HV,ring,ring,1
C04-HV,HV,shark,shark,1
C04-HV,HV,road,road,1
C04-HV,HV,book,book,1
C04-HV,HV,pears,0,0
C04-HV,HV,coat,0,0
C04-HV,HV,gate,0,0
C04-HV,HV,cot,0,0
C04-HV,HV,hat,hat,1
C04-HV,HV,food,food,1
C04-HV,HV,park,park,1
C04-HV,HV,bees,bees,1
C04-HV,HV,ten,ten,1
C04-HV,HV,kite,0,0
C04-HV,HV,leg,0,0
C04-HV,HV,cat,cat,1
C04-HV,HV,toys,toys,1
C04-HV,HV,ring,ring,1
C04-HV,HV,lid,0,0
C04-HV,HV,foot,foot,1
C04-HV,HV,tears,0,0
C04-HV,HV,cup,cup,1
C04-HV,HV,paws,0,0
C04-HV,HV,teeth,0,0
C04-HV,HV,mouse,mouse,1
C04-HV,HV,piers,0,0
C04-HV,HV,cake,cake,1
C04-HV,HV,shirt,shirt,1
C04-HV,HV,ball,ball,1
C04-HV,HV,bears,0,0
C04-HV,HV,bike,0,0
C04-HV,HV,clock,clock,1
C04-HV,HV,suit,0,0
C04-HV,HV,boys,boys,1
C04-HV,HV,cut,0,0
C04-HV,HV,house,0,0
C04-HV,HV,skirt,0,0
C05-HV,HV,leg,leg,1
C05-HV,HV,gate,0,0
C05-HV,HV,mouse,0,0
C05-HV,HV,suit,0,0
C05-HV,HV,ring,0,0
C05-HV,HV,foot,foot,1
C05-HV,HV,shark,,0
C05-HV,HV,skirt,skirt,1
C05-HV,HV,cup,cup,1
C05-HV,HV,cut,cut,1
C05-HV,HV,clock,clock,1
C05-HV,HV,bears,bears,1
C05-HV,HV,paws,0,0
C05-HV,HV,tears,tears,1
C05-HV,HV,ball,0,0
C05-HV,HV,cake,cake,1
C05-HV,HV,hat,hat,1
C05-HV,HV,piers,0,0
C05-HV,HV,ten,ten,1
C05-HV,HV,cot,cot,1
C05-HV,HV,bike,bike,1
C05-HV,HV,kite,kite,1
C05-HV,HV,pears,pears,1
C05-HV,HV,food,food,1
C05-HV,HV,bees,bees,1
C05-HV,HV,road,0,0
C05-HV,HV,coat,0,0
C05-HV,HV,house,house,1
C05-HV,HV,park,park,1
C05-HV,HV,toys,toys,1
C05-HV,HV,cat,cat,1
C05-HV,HV,lid,0,0
C05-HV,HV,shirt,0,0
C05-HV,HV,teeth,0,0
C05-HV,HV,boys,,0
C05-HV,HV,book,,0
C06-HV,HV,teeth,teeth,1
C06-HV,HV,toys,toys,1
C06-HV,HV,foot,foot,1
C06-HV,HV,book,book,1
C06-HV,HV,cup,cup,1
C06-HV,HV,ball,ball,1
C06-HV,HV,bees,bees,1
C06-HV,HV,shark,shark,1
C06-HV,HV,tears,0,0
C06-HV,HV,paws,0,0
C06-HV,HV,mouse,mouse,1
C06-HV,HV,shirt,0,0
C06-HV,HV,cat,cat,1
C06-HV,HV,lid,lid,1
C06-HV,HV,bike,bike,1
C06-HV,HV,bears,bees,0
C06-HV,HV,cut,cut,1
C06-HV,HV,ring,ring,1
C06-HV,HV,pears,0,0
C06-HV,HV,road,0,0
C06-HV,HV,ten,ten,1
C06-HV,HV,cake,cake,1
C06-HV,HV,hat,hat,1
C06-HV,HV,food,food,1
C06-HV,HV,gate,gate,1
C06-HV,HV,leg,leg,1
C06-HV,HV,boys,boys,1
C06-HV,HV,skirt,0,0
C06-HV,HV,kite,0,0
C06-HV,HV,piers,0,0
C06-HV,HV,park,park,1
C06-HV,HV,clock,clock,1
C06-HV,HV,house,house,1
C06-HV,HV,coat,0,0
C06-HV,HV,suit,0,0
C06-HV,HV,cot,0,0
C07-HV,HV,ten,ten,1
C07-HV,HV,paws,0,0
C07-HV,HV,gate,gate,1
C07-HV,HV,leg,leg,1
C07-HV,HV,ball,ball,1
C07-HV,HV,kite,kite,1
C07-HV,HV,boys,boys,1
C07-HV,HV,foot,foot,1
C07-HV,HV,cat,cat,1
C07-HV,HV,pears,0,0
C07-HV,HV,piers,0,0
C07-HV,HV,bears,0,0
C07-HV,HV,skirt,0,0
C07-HV,HV,suit,0,0
C07-HV,HV,coat,shirt,0
C07-HV,HV,house,house,1
C07-HV,HV,teeth,teeth,1
C07-HV,HV,park,park,1
C07-HV,HV,clock,clock,1
C07-HV,HV,book,book,1
C07-HV,HV,hat,hat,1
C07-HV,HV,lid,lid,1
C07-HV,HV,road,road,1
C07-HV,HV,shirt,0,0
C07-HV,HV,cup,cup,1
C07-HV,HV,shark,shark,1
C07-HV,HV,bike,0,0
C07-HV,HV,ring,ring,1
C07-HV,HV,bees,bees,1
C07-HV,HV,mouse,mouse,1
C07-HV,HV,cot,cot,1
C07-HV,HV,cake,cake,1
C07-HV,HV,tears,0,0
C07-HV,HV,toys,toys,1
C07-HV,HV,cut,cut,1
C07-HV,HV,food,food,1
C08-HV,HV,ball,0,0
C08-HV,HV,park,0,0
C08-HV,HV,clock,0,0
C08-HV,HV,pears,0,0
C08-HV,HV,cut,0,0
C08-HV,HV,skirt,0,0
C08-HV,HV,ten,ten,1
C08-HV,HV,shark,0,0
C08-HV,HV,cup,tea,0
C08-HV,HV,mouse,mouse,1
C08-HV,HV,cot,0,0
C08-HV,HV,bears,0,0
C08-HV,HV,ring,0,0
C08-HV,HV,book,book,1
C08-HV,HV,lid,0,0
C08-HV,HV,bees,0,0
C08-HV,HV,house,0,0
C08-HV,HV,kite,0,0
C08-HV,HV,boys,boys,1
C08-HV,HV,cat,cat,1
C08-HV,HV,foot,0,0
C08-HV,HV,leg,0,0
C08-HV,HV,paws,0,0
C08-HV,HV,food,0,0
C08-HV,HV,shirt,0,0
C08-HV,HV,tears,0,0
C08-HV,HV,piers,0,0
C08-HV,HV,suit,0,0
C08-HV,HV,gate,0,0
C08-HV,HV,toys,0,0
C08-HV,HV,coat,0,0
C08-HV,HV,bike,0,0
C08-HV,HV,cake,cake,1
C08-HV,HV,teeth,teeth,1
C08-HV,HV,hat,0,0
C08-HV,HV,road,0,0
C09-HV,HV,coat,0,0
C09-HV,HV,bees,0,0
C09-HV,HV,bears,,0
C09-HV,HV,cup,cup,1
C09-HV,HV,foot,0,0
C09-HV,HV,house,0,0
C09-HV,HV,gate,0,0
C09-HV,HV,lid,0,0
C09-HV,HV,suit,0,0
C09-HV,HV,boys,0,0
C09-HV,HV,cat,cat,1
C09-HV,HV,cake,cake,1
C09-HV,HV,teeth,teeth,1
C09-HV,HV,ball,ball,1
C09-HV,HV,bike,0,0
C09-HV,HV,kite,0,0
C09-HV,HV,park,0,0
C09-HV,HV,toys,0,0
C09-HV,HV,clock,0,0
C09-HV,HV,hat,hat,1
C09-HV,HV,shirt,shirt,1
C09-HV,HV,book,book,1
C09-HV,HV,mouse,mouse,1
C09-HV,HV,ten,ten,1
C09-HV,HV,skirt,0,0
C09-HV,HV,pears,0,0
C09-HV,HV,cot,0,0
C09-HV,HV,leg,0,0
C09-HV,HV,ring,0,0
C09-HV,HV,food,food,1
C09-HV,HV,tears,0,0
C09-HV,HV,cut,0,0
C09-HV,HV,paws,0,0
C09-HV,HV,road,0,0
C09-HV,HV,shark,0,0
C09-HV,HV,piers,0,0
C010-HV,HV,shirt,0,0
C010-HV,HV,gate,0,0
C010-HV,HV,teeth,teeth,1
C010-HV,HV,shark,shark,1
C010-HV,HV,kite,kite,1
C010-HV,HV,park,,0
C010-HV,HV,tears,tears,1
C010-HV,HV,bears,bears,1
C010-HV,HV,piers,0,0
C010-HV,HV,house,house,1
C010-HV,HV,lid,0,0
C010-HV,HV,pears,0,0
C010-HV,HV,ring,0,0
C010-HV,HV,ball,ball,1
C010-HV,HV,cut,cut,1
C010-HV,HV,coat,coat,1
C010-HV,HV,food,food,1
C010-HV,HV,foot,foot,1
C010-HV,HV,cot,cot,1
C010-HV,HV,skirt,0,0
C010-HV,HV,suit,suit,1
C010-HV,HV,mouse,mouse,1
C010-HV,HV,paws,0,0
C010-HV,HV,hat,hat,1
C010-HV,HV,bees,bees,1
C010-HV,HV,bike,bike,1
C010-HV,HV,cake,cake,1
C010-HV,HV,book,book,1
C010-HV,HV,ten,ten,1
C010-HV,HV,cat,cat,1
C010-HV,HV,cup,cup,1
C010-HV,HV,road,road,1
C010-HV,HV,boys,men,0
C010-HV,HV,toys,toys,1
C010-HV,HV,clock,clock,1
C010-HV,HV,leg,leg,1
C011-HV,HV,road,0,0
C011-HV,HV,book,book,1
C011-HV,HV,ten,ten,1
C011-HV,HV,cake,cake,1
C011-HV,HV,coat,0,0
C011-HV,HV,house,house,1
C011-HV,HV,bears,0,0
C011-HV,HV,food,food,1
C011-HV,HV,hat,hat,1
C011-HV,HV,suit,0,0
C011-HV,HV,leg,0,0
C011-HV,HV,piers,0,0
C011-HV,HV,skirt,0,0
C011-HV,HV,cat,cat,1
C011-HV,HV,toys,0,0
C011-HV,HV,cut,0,0
C011-HV,HV,tears,0,0
C011-HV,HV,shirt,0,0
C011-HV,HV,boys,0,0
C011-HV,HV,lid,0,0
C011-HV,HV,ring,0,0
C011-HV,HV,bike,bike,1
C011-HV,HV,bees,bees,1
C011-HV,HV,peras,pies,0
C011-HV,HV,clock,clock,1
C011-HV,HV,ball,ball,1
C011-HV,HV,shark,0,0
C011-HV,HV,gate,0,0
C011-HV,HV,cup,cup,1
C011-HV,HV,mouse,0,0
C011-HV,HV,teeth,teeth,1
C011-HV,HV,foot,foot,1
C011-HV,HV,park,park,1
C011-HV,HV,kite,tike,0
C011-HV,HV,paws,0,0
C011-HV,HV,cot,0,0
C012-HV,HV,park,back,0
C012-HV,HV,cake,cake,1
C012-HV,HV,bears,0,0
C012-HV,HV,bees,0,0
C012-HV,HV,shirt,0,0
C012-HV,HV,cat,cat,1
C012-HV,HV,gate,0,0
C012-HV,HV,suit,0,0
C012-HV,HV,cut,0,0
C012-HV,HV,piers,0,0
C012-HV,HV,teeth,teeth,1
C012-HV,HV,house,0,0
C012-HV,HV,bike,0,0
C012-HV,HV,cup,cup,1
C012-HV,HV,foot,0,0
C012-HV,HV,toys,0,0
C012-HV,HV,paws,0,0
C012-HV,HV,ten,ten,1
C012-HV,HV,shark,0,0
C012-HV,HV,tears,0,0
C012-HV,HV,mouse,mouse,1
C012-HV,HV,leg,leg,1
C012-HV,HV,ring,0,0
C012-HV,HV,ball,ball,1
C012-HV,HV,lid,0,0
C012-HV,HV,road,0,0
C012-HV,HV,skirt,0,0
C012-HV,HV,book,book,1
C012-HV,HV,boys,boys,1
C012-HV,HV,coat,0,0
C012-HV,HV,kite,0,0
C012-HV,HV,hat,cap,0
C012-HV,HV,clock,oclock,0
C012-HV,HV,cot,0,0
C012-HV,HV,food,food,1
C012-HV,HV,pears,0,0
C013-HV,HV,park,park,1
C013-HV,HV,leg,0,0
C013-HV,HV,tears,0,0
C013-HV,HV,ten,ten,1
C013-HV,HV,toys,toys,1
C013-HV,HV,book,book,1
C013-HV,HV,kite,0,0
C013-HV,HV,bike,bike,1
C013-HV,HV,cat,cat,1
C013-HV,HV,shark,0,0
C013-HV,HV,foot,0,0
C013-HV,HV,lid,0,0
C013-HV,HV,cup,cup,1
C013-HV,HV,coat,0,0
C013-HV,HV,cut,0,0
C013-HV,HV,house,0,0
C013-HV,HV,mouse,mouse,1
C013-HV,HV,piers,0,0
C013-HV,HV,road,0,0
C013-HV,HV,shirt,0,0
C013-HV,HV,cake,cake,1
C013-HV,HV,suit,0,0
C013-HV,HV,ball,ball,1
C013-HV,HV,paws,0,0
C013-HV,HV,boys,0,0
C013-HV,HV,bears,0,0
C013-HV,HV,food,food,1
C013-HV,HV,skirt,0,0
C013-HV,HV,hat,hat,1
C013-HV,HV,pears,0,0
C013-HV,HV,gate,0,0
C013-HV,HV,ring,0,0
C013-HV,HV,teeth,0,0
C013-HV,HV,bees,bees,1
C013-HV,HV,cot,0,0
C013-HV,HV,clock,0,0
C014-HV,HV,cake,cake,1
C014-HV,HV,foot,0,0
C014-HV,HV,piers,0,0
C014-HV,HV,ring,0,0
C014-HV,HV,books,books,1
C014-HV,HV,food,food,1
C014-HV,HV,bears,0,0
C014-HV,HV,park,0,0
C014-HV,HV,ball,ball,1
C014-HV,HV,gate,0,0
C014-HV,HV,road,road,1
C014-HV,HV,teeth,teeth,1
C014-HV,HV,bees,buss,0
C014-HV,HV,cut,0,0
C014-HV,HV,boys,boys,1
C014-HV,HV,kite,kite,1
C014-HV,HV,bike,bike,1
C014-HV,HV,shark,0,0
C014-HV,HV,house,house,1
C014-HV,HV,shirt,shirt,1
C014-HV,HV,tears,0,0
C014-HV,HV,clock,clock,1
C014-HV,HV,leg,leg,1
C014-HV,HV,mouse,mouse,1
C014-HV,HV,coat,0,0
C014-HV,HV,hat,hat,1
C014-HV,HV,ten,ten,1
C014-HV,HV,cat,cat,1
C014-HV,HV,cup,cup,1
C014-HV,HV,paws,0,0
C014-HV,HV,suit,0,0
C014-HV,HV,cot,cot,1
C014-HV,HV,lid,0,0
C014-HV,HV,skirt,skirt,1
C014-HV,HV,toys,toys,1
C014-HV,HV,pears,0,0
C015-HV,HV,cut,cut,1
C015-HV,HV,shark,shark,1
C015-HV,HV,suit,0,0
C015-HV,HV,cat,cat,1
C015-HV,HV,pears,0,0
C015-HV,HV,mouse,mouse,1
C015-HV,HV,piers,0,0
C015-HV,HV,coat,0,0
C015-HV,HV,foot,foot,1
C015-HV,HV,gate,0,0
C015-HV,HV,park,park,1
C015-HV,HV,cot,0,0
C015-HV,HV,boys,boys,1
C015-HV,HV,bees,bees,1
C015-HV,HV,teeth,teeth,1
C015-HV,HV,book,book,1
C015-HV,HV,paws,0,0
C015-HV,HV,shirt,shirt,1
C015-HV,HV,tears,0,0
C015-HV,HV,ten,ten,1
C015-HV,HV,ball,ball,1
C015-HV,HV,leg,leg,1
C015-HV,HV,house,house,1
C015-HV,HV,bike,bike,1
C015-HV,HV,road,0,0
C015-HV,HV,toys,toys,1
C015-HV,HV,cup,cup,1
C015-HV,HV,clock,clock,1
C015-HV,HV,bears,0,0
C015-HV,HV,cake,cake,1
C015-HV,HV,skirt,0,0
C015-HV,HV,lid,lid,1
C015-HV,HV,ring,0,0
C015-HV,HV,kite,0,0
C015-HV,HV,food,food,1
C015-HV,HV,hat,0,0
C016-HV,HV,ten,ten,1
C016-HV,HV,cake,0,0
C016-HV,HV,park,0,0
C016-HV,HV,clock,clock,1
C016-HV,HV,cup,cup,1
C016-HV,HV,bees,bees,1
C016-HV,HV,bears,0,0
C016-HV,HV,food,food,1
C016-HV,HV,toys,0,0
C016-HV,HV,pears,0,0
C016-HV,HV,piers,0,0
C016-HV,HV,shark,0,0
C016-HV,HV,cat,cat,1
C016-HV,HV,boys,0,0
C016-HV,HV,ball,0,0
C016-HV,HV,mouse,mouse,1
C016-HV,HV,ring,0,0
C016-HV,HV,skirt,0,0
C016-HV,HV,lid,0,0
C016-HV,HV,suit,0,0
C016-HV,HV,tears,0,0
C016-HV,HV,book,book,1
C016-HV,HV,foot,0,0
C016-HV,HV,gate,0,0
C016-HV,HV,cot,0,0
C016-HV,HV,road,0,0
C016-HV,HV,leg,0,0
C016-HV,HV,coat,0,0
C016-HV,HV,paws,0,0
C016-HV,HV,house,0,0
C016-HV,HV,hat,hat,1
C016-HV,HV,teeth,0,0
C016-HV,HV,cut,0,0
C016-HV,HV,bike,0,0
C016-HV,HV,shirt,0,0
C016-HV,HV,kite,0,0
C017-HV,HV,ball,ball,1
C017-HV,HV,road,road,1
C017-HV,HV,book,book,1
C017-HV,HV,ring,0,0
C017-HV,HV,toys,toys,1
C017-HV,HV,cake,cake,1
C017-HV,HV,leg,leg,1
C017-HV,HV,piers,0,0
C017-HV,HV,suit,0,0
C017-HV,HV,house,0,0
C017-HV,HV,skirt,0,0
C017-HV,HV,shirt,0,0
C017-HV,HV,coat,0,0
C017-HV,HV,gate,gate,1
C017-HV,HV,boys,boys,1
C017-HV,HV,clock,clock,1
C017-HV,HV,cup,cup,1
C017-HV,HV,pears,0,0
C017-HV,HV,shark,shark,1
C017-HV,HV,ten,ten,1
C017-HV,HV,teeth,teeth,1
C017-HV,HV,paws,0,0
C017-HV,HV,park,0,0
C017-HV,HV,tears,0,0
C017-HV,HV,cat,cat,1
C017-HV,HV,mouse,mouse,1
C017-HV,HV,bike,bike,1
C017-HV,HV,lid,0,0
C017-HV,HV,bees,0,0
C017-HV,HV,cut,0,0
C017-HV,HV,foot,foot,1
C017-HV,HV,kite,kite,1
C017-HV,HV,hat,hat,1
C017-HV,HV,food,food,1
C017-HV,HV,cot,0,0
C017-HV,HV,bears,bees,0
C018-HV,HV,teeth,teeth,1
C018-HV,HV,leg,foot,0
C018-HV,HV,hat,hat,1
C018-HV,HV,food,food,1
C018-HV,HV,boys,boys,1
C018-HV,HV,bike,bike,1
C018-HV,HV,bees,bees,1
C018-HV,HV,cat,caught,0
C018-HV,HV,cup,cup,1
C018-HV,HV,ten,ten,1
C018-HV,HV,coat,0,0
C018-HV,HV,ball,ball,1
C018-HV,HV,skirt,0,0
C018-HV,HV,ring,ring,1
C018-HV,HV,gate,0,0
C018-HV,HV,road,0,0
C018-HV,HV,foot,0,0
C018-HV,HV,cot,0,0
C018-HV,HV,paws,0,0
C018-HV,HV,bears,bears,1
C018-HV,HV,lid,0,0
C018-HV,HV,suit,0,0
C018-HV,HV,tears,0,0
C018-HV,HV,park,park,1
C018-HV,HV,house,house,1
C018-HV,HV,shark,0,0
C018-HV,HV,kite,kite,1
C018-HV,HV,cut,cut,1
C018-HV,HV,piers,0,0
C018-HV,HV,clock,clock,1
C018-HV,HV,mouse,mouse,1
C018-HV,HV,pears,0,0
C018-HV,HV,book,book,1
C018-HV,HV,cake,cake,1
C018-HV,HV,toys,toys,1
C018-HV,HV,shirt,0,0
C019-HV,HV,teeth,teeth,1
C019-HV,HV,cot,0,0
C019-HV,HV,toys,0,0
C019-HV,HV,paws,0,0
C019-HV,HV,suit,0,0
C019-HV,HV,gate,0,0
C019-HV,HV,bears,0,0
C019-HV,HV,piers,0,0
C019-HV,HV,mouse,mouse,1
C019-HV,HV,boys,boys,1
C019-HV,HV,cut,0,0
C019-HV,HV,shirt,shirt,1
C019-HV,HV,book,book,1
C019-HV,HV,coat,0,0
C019-HV,HV,hat,hat,1
C019-HV,HV,clock,clock,1
C019-HV,HV,ten,ten,1
C019-HV,HV,park,0,0
C019-HV,HV,bike,0,0
C019-HV,HV,food,food,1
C019-HV,HV,tears,0,0
C019-HV,HV,bees,0,0
C019-HV,HV,pears,0,0
C019-HV,HV,foot,0,0
C019-HV,HV,ring,0,0
C019-HV,HV,lid,0,0
C019-HV,HV,skirt,0,0
C019-HV,HV,cup,cup,1
C019-HV,HV,shark,shark,1
C019-HV,HV,road,0,0
C019-HV,HV,house,0,0
C019-HV,HV,ball,0,0
C019-HV,HV,cake,cake,1
C019-HV,HV,kite,0,0
C019-HV,HV,cat,cat,1
C019-HV,HV,leg,0,0
C020-HV,HV,road,0,0
C020-HV,HV,lid,lid,1
C020-HV,HV,paws,0,0
C020-HV,HV,cake,cake,1
C020-HV,HV,kite,0,0
C020-HV,HV,clock,clock,1
C020-HV,HV,suit,0,0
C020-HV,HV,teeth,teeth,1
C020-HV,HV,skirt,0,0
C020-HV,HV,piers,0,0
C020-HV,HV,ring,0,0
C020-HV,HV,cot,0,0
C020-HV,HV,cat,cat,1
C020-HV,HV,book,book,1
C020-HV,HV,house,house,1
C020-HV,HV,tears,0,0
C020-HV,HV,leg,0,0
C020-HV,HV,park,park,1
C020-HV,HV,bees,bais,0
C020-HV,HV,gate,0,0
C020-HV,HV,mouse,mouse,1
C020-HV,HV,pears,0,0
C020-HV,HV,ten,ten,1
C020-HV,HV,coat,0,0
C020-HV,HV,hat,hat,1
C020-HV,HV,toys,0,0
C020-HV,HV,shark,shark,1
C020-HV,HV,food,food,1
C020-HV,HV,foot,foot,1
C020-HV,HV,bike,bike,1
C020-HV,HV,boys,0,0
C020-HV,HV,shirt,0,0
C020-HV,HV,cut,0,0
C020-HV,HV,bears,0,0
C020-HV,HV,ball,ball,1
C020-HV,HV,cup,cup,1
C021-HV,HV,skirt,0,0
C021-HV,HV,piers,0,0
C021-HV,HV,ten,ten,1
C021-HV,HV,boys,boys,1
C021-HV,HV,bees,bees,1
C021-HV,HV,cake,cake,1
C021-HV,HV,toys,0,0
C021-HV,HV,shark,0,0
C021-HV,HV,paws,0,0
C021-HV,HV,road,0,0
C021-HV,HV,suit,0,0
C021-HV,HV,ring,0,0
C021-HV,HV,lid,0,0
C021-HV,HV,ball,ball,1
C021-HV,HV,clock,0,0
C021-HV,HV,kite,0,0
C021-HV,HV,cup,cup,1
C021-HV,HV,book,book,1
C021-HV,HV,shirt,shirt,1
C021-HV,HV,mouse,mouse,1
C021-HV,HV,bears,0,0
C021-HV,HV,leg,0,0
C021-HV,HV,park,park,1
C021-HV,HV,teeth,0,0
C021-HV,HV,hat,hat,1
C021-HV,HV,house,house,1
C021-HV,HV,foot,0,0
C021-HV,HV,cut,0,0
C021-HV,HV,coat,0,0
C021-HV,HV,gate,gate,1
C021-HV,HV,pears,0,0
C021-HV,HV,cot,0,0
C021-HV,HV,food,food,1
C021-HV,HV,cat,cat,1
C021-HV,HV,bike,0,0
C021-HV,HV,tears,0,0
C021-HV,HV,ball,0,0
C021-HV,HV,ten,ten,1
C021-HV,HV,boys,boys,1
C021-HV,HV,hat,hat,1
C021-HV,HV,pears,0,0
C021-HV,HV,leg,leg,1
C021-HV,HV,bees,0,0
C021-HV,HV,lid,0,0
C021-HV,HV,piers,0,0
C021-HV,HV,food,0,0
C021-HV,HV,park,0,0
C021-HV,HV,skirt,0,0
C021-HV,HV,cot,0,0
C021-HV,HV,shirt,shirt,1
C021-HV,HV,gate,0,0
C021-HV,HV,teeth,teeth,1
C021-HV,HV,tears,0,0
C021-HV,HV,shark,shark,1
C021-HV,HV,kite,kite,1
C021-HV,HV,ring,0,0
C021-HV,HV,bears,0,0
C021-HV,HV,suit,suit,1
C021-HV,HV,book,book,1
C021-HV,HV,cake,cake,1
C021-HV,HV,toys,0,0
C021-HV,HV,road,0,0
C021-HV,HV,foot,foot,1
C021-HV,HV,house,house,1
C021-HV,HV,cut,0,0
C021-HV,HV,paws,0,0
C021-HV,HV,cup,cup,1
C021-HV,HV,cat,cat,1
C021-HV,HV,bike,0,0
C021-HV,HV,coat,0,0
C021-HV,HV,clock,clock,1
C021-HV,HV,mouse,mouse,1
C01-LV,LV,foot,foot,1
C01-LV,LV,lid,lid,1
C01-LV,LV,book,book,1
C01-LV,LV,gate,gate,1
C01-LV,LV,ball,ball,1
C01-LV,LV,ring,ring,1
C01-LV,LV,ten,ten,1
C01-LV,LV,skirt,skirt,1
C01-LV,LV,mouse,mouse,1
C01-LV,LV,cat,cat,1
C01-LV,LV,bees,bees,1
C01-LV,LV,road,road,1
C01-LV,LV,paws,paws,1
C01-LV,LV,coat,coat,1
C01-LV,LV,cup,cup,1
C01-LV,LV,suit,skirt,0
C01-LV,LV,cot,cot,1
C01-LV,LV,toys,toys,1
C01-LV,LV,house,house,1
C01-LV,LV,piers,lid,0
C01-LV,LV,bike,bike,1
C01-LV,LV,cake,cake,1
C01-LV,LV,hat,hat,1
C01-LV,LV,food,food,1
C01-LV,LV,teeth,teeth,1
C01-LV,LV,pears,pears,1
C01-LV,LV,park,park,1
C01-LV,LV,tears,tears,1
C01-LV,LV,kite,0,0
C01-LV,LV,bears,bears,1
C01-LV,LV,boys,boys,1
C01-LV,LV,leg,leg,1
C01-LV,LV,shark,shark,1
C01-LV,LV,clock,clock,1
C01-LV,LV,shirt,shirt,1
C01-LV,LV,cut,cut,1
C02-LV,LV,toys,toys,1
C02-LV,LV,suit,0,0
C02-LV,LV,road,road,1
C02-LV,LV,boys,boys,1
C02-LV,LV,pears,0,0
C02-LV,LV,kite,kite,1
C02-LV,LV,clock,clock,1
C02-LV,LV,ball,ball,1
C02-LV,LV,shirt,shirt,1
C02-LV,LV,ten,ten,1
C02-LV,LV,park,park,1
C02-LV,LV,book,book,1
C02-LV,LV,cup,cup,1
C02-LV,LV,gate,skate,0
C02-LV,LV,house,house,1
C02-LV,LV,lid,lid,1
C02-LV,LV,shark,shark,1
C02-LV,LV,ring,ring,1
C02-LV,LV,cat,cat,1
C02-LV,LV,teeth,teeth,1
C02-LV,LV,bike,bike,1
C02-LV,LV,piers,piers,1
C02-LV,LV,food,food,1
C02-LV,LV,skirt,skate,0
C02-LV,LV,mouse,mouse,1
C02-LV,LV,foot,foot,1
C02-LV,LV,tears,0,0
C02-LV,LV,cake,cake,1
C02-LV,LV,hat,hat,1
C02-LV,LV,cut,cut,1
C02-LV,LV,cot,cot,1
C02-LV,LV,paws,paws,1
C02-LV,LV,bears,bears,1
C02-LV,LV,leg,leg,1
C02-LV,LV,bees,pease,0
C02-LV,LV,coat,0,0
C03-LV,LV,coat,coat,1
C03-LV,LV,book,book,1
C03-LV,LV,cat,cat,1
C03-LV,LV,cut,cut,1
C03-LV,LV,road,road,1
C03-LV,LV,cake,cake,1
C03-LV,LV,pears,0,0
C03-LV,LV,cup,cup,1
C03-LV,LV,hat,hat,1
C03-LV,LV,bees,buss,0
C03-LV,LV,skirt,0,0
C03-LV,LV,mouse,mouse,1
C03-LV,LV,bears,0,0
C03-LV,LV,piers,piers,1
C03-LV,LV,ten,ten,1
C03-LV,LV,bike,bike,1
C03-LV,LV,leg,leg,1
C03-LV,LV,lid,lid,1
C03-LV,LV,gate,gate,1
C03-LV,LV,boys,boys,1
C03-LV,LV,paws,0,0
C03-LV,LV,cot,cot,1
C03-LV,LV,shark,shark,1
C03-LV,LV,suit,sweet,0
C03-LV,LV,clock,clock,1
C03-LV,LV,foot,foot,1
C03-LV,LV,ball,ball,1
C03-LV,LV,house,house,1
C03-LV,LV,teeth,teeth,1
C03-LV,LV,shirt,shirt,1
C03-LV,LV,ring,ring,1
C03-LV,LV,park,park,1
C03-LV,LV,food,food,1
C03-LV,LV,toys,toys,1
C03-LV,LV,kite,kite,1
C03-LV,LV,tears,tears,1
C04-LV,LV,ten,ten,1
C04-LV,LV,beras,beras,1
C04-LV,LV,suit,shirt,0
C04-LV,LV,cake,cake,1
C04-LV,LV,cat,cat,1
C04-LV,LV,piers,piers,1
C04-LV,LV,hat,hat,1
C04-LV,LV,toys,toys,1
C04-LV,LV,food,food,1
C04-LV,LV,shark,shake,0
C04-LV,LV,boys,boys,1
C04-LV,LV,cot,cot,1
C04-LV,LV,lid,lid,1
C04-LV,LV,gate,gate,1
C04-LV,LV,mouse,mouse,1
C04-LV,LV,cup,cup,1
C04-LV,LV,road,road,1
C04-LV,LV,tears,tears,1
C04-LV,LV,leg,leg,1
C04-LV,LV,coat,0,0
C04-LV,LV,house,house,1
C04-LV,LV,clock,clock,1
C04-LV,LV,foot,foot,1
C04-LV,LV,park,park,1
C04-LV,LV,skirt,skirt,1
C04-LV,LV,teeth,teeth,1
C04-LV,LV,paws,paws,1
C04-LV,LV,bike,bike,1
C04-LV,LV,cut,cut,1
C04-LV,LV,ball,ball,1
C04-LV,LV,shirt,shirt,1
C04-LV,LV,ring,ring,1
C04-LV,LV,bees,bees,1
C04-LV,LV,pears,pears,1
C04-LV,LV,kite,kite,1
C04-LV,LV,book,book,1
C05-LV,LV,ball,ball,1
C05-LV,LV,park,0,0
C05-LV,LV,suit,0,0
C05-LV,LV,food,food,1
C05-LV,LV,cup,cup,1
C05-LV,LV,pears,pears,1
C05-LV,LV,mouse,mouse,1
C05-LV,LV,leg,leg,1
C05-LV,LV,gate,gate,1
C05-LV,LV,paws,0,0
C05-LV,LV,hat,hat,1
C05-LV,LV,bees,bees,1
C05-LV,LV,cat,cat,1
C05-LV,LV,ring,ring,1
C05-LV,LV,bears,pears,0
C05-LV,LV,foot,foot,1
C05-LV,LV,coat,0,0
C05-LV,LV,ten,ten,1
C05-LV,LV,house,house,1
C05-LV,LV,bike,bike,1
C05-LV,LV,shirt,shirt,1
C05-LV,LV,tears,0,0
C05-LV,LV,cut,cut,1
C05-LV,LV,lid,0,0
C05-LV,LV,cake,cake,1
C05-LV,LV,kite,0,0
C05-LV,LV,cot,cot,1
C05-LV,LV,boys,boys,1
C05-LV,LV,shark,shake,0
C05-LV,LV,piers,piers,1
C05-LV,LV,road,road,1
C05-LV,LV,book,book,1
C05-LV,LV,skirt,0,0
C05-LV,LV,clock,clock,1
C05-LV,LV,teeth,teeth,1
C05-LV,LV,toys,toys,1
C06-LV,LV,hat,hat,1
C06-LV,LV,cat,cat,1
C06-LV,LV,road,road,1
C06-LV,LV,leg,leg,1
C06-LV,LV,mouse,mouse,1
C06-LV,LV,teeth,teeth,1
C06-LV,LV,cot,cot,1
C06-LV,LV,suit,suit,1
C06-LV,LV,skirt,0,0
C06-LV,LV,gate,gate,1
C06-LV,LV,ball,ball,1
C06-LV,LV,cut,cut,1
C06-LV,LV,cup,cup,1
C06-LV,LV,pears,pears,1
C06-LV,LV,bike,bike,1
C06-LV,LV,kite,kite,1
C06-LV,LV,house,house,1
C06-LV,LV,cake,cake,1
C06-LV,LV,clock,clock,1
C06-LV,LV,piers,0,0
C06-LV,LV,shirt,shirt,1
C06-LV,LV,bees,bees,1
C06-LV,LV,boys,boys,1
C06-LV,LV,tears,tears,1
C06-LV,LV,ring,ring,1
C06-LV,LV,book,book,1
C06-LV,LV,food,food,1
C06-LV,LV,paws,0,0
C06-LV,LV,toys,toys,1
C06-LV,LV,ten,ten,1
C06-LV,LV,park,park,1
C06-LV,LV,lid,lid,1
C06-LV,LV,foot,foot,1
C06-LV,LV,shark,shark,1
C06-LV,LV,coat,0,0
C06-LV,LV,bears,bears,1
C07-LV,LV,boys,0,0
C07-LV,LV,cut,card,0
C07-LV,LV,bees,,0
C07-LV,LV,ten,ten,1
C07-LV,LV,paws,0,0
C07-LV,LV,clock,clock,1
C07-LV,LV,cat,cat,1
C07-LV,LV,gate,0,0
C07-LV,LV,suit,suit,1
C07-LV,LV,tears,tears,1
C07-LV,LV,cake,cake,1
C07-LV,LV,ball,ball,1
C07-LV,LV,skirt,0,0
C07-LV,LV,bike,0,0
C07-LV,LV,cup,cup,1
C07-LV,LV,pears,0,0
C07-LV,LV,leg,leg,1
C07-LV,LV,house,house,1
C07-LV,LV,book,book,1
C07-LV,LV,kite,kite,1
C07-LV,LV,road,road,1
C07-LV,LV,foot,feet,0
C07-LV,LV,cot,0,0
C07-LV,LV,shirt,shirt,1
C07-LV,LV,ring,0,0
C07-LV,LV,hat,hat,1
C07-LV,LV,park,0,0
C07-LV,LV,piers,0,0
C07-LV,LV,mouse,0,0
C07-LV,LV,shark,shark,1
C07-LV,LV,teeth,teeth,1
C07-LV,LV,toys,0,0
C07-LV,LV,bears,0,0
C07-LV,LV,coat,0,0
C07-LV,LV,lid,0,0
C07-LV,LV,food,food,1
C08-LV,LV,cup,0,0
C08-LV,LV,piers,0,0
C08-LV,LV,book,book,1
C08-LV,LV,shark,shark,1
C08-LV,LV,cot,cot,1
C08-LV,LV,suit,0,0
C08-LV,LV,kite,kite,1
C08-LV,LV,skirt,0,0
C08-LV,LV,road,0,0
C08-LV,LV,leg,leg,1
C08-LV,LV,bees,bees,1
C08-LV,LV,lid,lid,1
C08-LV,LV,cake,cake,1
C08-LV,LV,tears,pears,0
C08-LV,LV,shirt,shirt,1
C08-LV,LV,ring,ring,1
C08-LV,LV,ten,ten,1
C08-LV,LV,clock,clock,1
C08-LV,LV,bike,0,0
C08-LV,LV,coat,0,0
C08-LV,LV,toys,0,0
C08-LV,LV,boys,men,0
C08-LV,LV,pears,0,0
C08-LV,LV,cut,cut,1
C08-LV,LV,food,food,1
C08-LV,LV,ball,ball,1
C08-LV,LV,bears,bears,1
C08-LV,LV,house,house,1
C08-LV,LV,park,park,1
C08-LV,LV,hat,hat,1
C08-LV,LV,cat,cat,1
C08-LV,LV,teeth,teeth,1
C08-LV,LV,gate,gase,0
C08-LV,LV,foot,foot,1
C08-LV,LV,paws,0,0
C08-LV,LV,mouse,mouse,1
C09-LV,LV,cake,cake,1
C09-LV,LV,kite,kite,1
C09-LV,LV,road,road,1
C09-LV,LV,pears,pears,1
C09-LV,LV,gate,gate,1
C09-LV,LV,teeth,teeth,1
C09-LV,LV,suit,suit,1
C09-LV,LV,shirt,shirt,1
C09-LV,LV,food,food,1
C09-LV,LV,foot,foot,1
C09-LV,LV,piers,piers,1
C09-LV,LV,book,book,1
C09-LV,LV,skirt,skirt,1
C09-LV,LV,tears,tears,1
C09-LV,LV,ten,ten,1
C09-LV,LV,park,park,1
C09-LV,LV,ring,ring,1
C09-LV,LV,coat,coat,1
C09-LV,LV,paws,paws,1
C09-LV,LV,cot,cot,1
C09-LV,LV,cup,cup,1
C09-LV,LV,boys,boys,1
C09-LV,LV,bears,bears,1
C09-LV,LV,house,house,1
C09-LV,LV,shark,shark,1
C09-LV,LV,cut,cut,1
C09-LV,LV,mouse,mouse,1
C09-LV,LV,clock,clock,1
C09-LV,LV,toys,toys,1
C09-LV,LV,cat,cat,1
C09-LV,LV,leg,leg,1
C09-LV,LV,hat,hat,1
C09-LV,LV,bees,bees,1
C09-LV,LV,ball,ball,1
C09-LV,LV,lid,lid,1
C09-LV,LV,bike,bike,1
C010-LV,LV,lid,lid,1
C010-LV,LV,ring,ring,1
C010-LV,LV,foot,foot,1
C010-LV,LV,cup,cup,1
C010-LV,LV,bees,bees,1
C010-LV,LV,coat,coat,1
C010-LV,LV,road,road,1
C010-LV,LV,cut,0,0
C010-LV,LV,piers,0,0
C010-LV,LV,pears,pears,1
C010-LV,LV,gate,gate,1
C010-LV,LV,hat,hat,1
C010-LV,LV,teeth,teeth,1
C010-LV,LV,kite,kite,1
C010-LV,LV,clock,clock,1
C010-LV,LV,bike,bike,1
C010-LV,LV,house,house,1
C010-LV,LV,boys,boys,1
C010-LV,LV,shirt,shirt,1
C010-LV,LV,ball,ball,1
C010-LV,LV,book,book,1
C010-LV,LV,food,food,1
C010-LV,LV,leg,leg,1
C010-LV,LV,bears,bears,1
C010-LV,LV,suit,0,0
C010-LV,LV,skirt,skirt,1
C010-LV,LV,ten,ten,1
C010-LV,LV,cot,0,0
C010-LV,LV,tears,teas,0
C010-LV,LV,mouse,mouse,1
C010-LV,LV,toys,toys,1
C010-LV,LV,shark,shark,1
C010-LV,LV,park,park,1
C010-LV,LV,cake,cake,1
C010-LV,LV,cat,cat,1
C010-LV,LV,paws,0,0
C011-LV,LV,shark,shark,1
C011-LV,LV,road,road,1
C011-LV,LV,bears,bears,1
C011-LV,LV,book,book,1
C011-LV,LV,house,house,1
C011-LV,LV,cat,cat,1
C011-LV,LV,gate,0,0
C011-LV,LV,cup,cup,1
C011-LV,LV,lid,0,0
C011-LV,LV,ball,ball,1
C011-LV,LV,cut,cut,1
C011-LV,LV,bees,0,0
C011-LV,LV,clock,clock,1
C011-LV,LV,piers,0,0
C011-LV,LV,teeth,teeth,1
C011-LV,LV,skirt,0,0
C011-LV,LV,boys,,0
C011-LV,LV,mouse,mouse,1
C011-LV,LV,suit,0,0
C011-LV,LV,ten,ten,1
C011-LV,LV,park,0,0
C011-LV,LV,toys,0,0
C011-LV,LV,cake,cake,1
C011-LV,LV,pears,0,0
C011-LV,LV,food,food,1
C011-LV,LV,paws,0,0
C011-LV,LV,leg,0,0
C011-LV,LV,kite,0,0
C011-LV,LV,ring,0,0
C011-LV,LV,cot,0,0
C011-LV,LV,shirt,0,0
C011-LV,LV,coat,coat,1
C011-LV,LV,foot,0,0
C011-LV,LV,bike,0,0
C011-LV,LV,hat,hat,1
C011-LV,LV,tears,,0
C012-LV,LV,gate,gate,1
C012-LV,LV,kite,bike,0
C012-LV,LV,ball,ball,1
C012-LV,LV,coat,,0
C012-LV,LV,leg,leg,1
C012-LV,LV,book,book,1
C012-LV,LV,cat,cat,1
C012-LV,LV,park,,0
C012-LV,LV,ten,ten,1
C012-LV,LV,food,food,1
C012-LV,LV,bees,bees,1
C012-LV,LV,tears,0,0
C012-LV,LV,shirt,0,0
C012-LV,LV,toys,0,0
C012-LV,LV,cut,cut,1
C012-LV,LV,bike,bike,1
C012-LV,LV,ring,ring,1
C012-LV,LV,bears,bears,1
C012-LV,LV,hat,hat,1
C012-LV,LV,road,0,0
C012-LV,LV,suit,0,0
C012-LV,LV,piers,0,0
C012-LV,LV,cot,cot,1
C012-LV,LV,house,house,1
C012-LV,LV,skirt,0,0
C012-LV,LV,mouse,mouse,1
C012-LV,LV,cup,0,0
C012-LV,LV,foot,foot,1
C012-LV,LV,paws,0,0
C012-LV,LV,boys,0,0
C012-LV,LV,cake,0,0
C012-LV,LV,teeth,teeth,1
C012-LV,LV,lid,lid,1
C012-LV,LV,shark,shark,1
C012-LV,LV,clock,clock,1
C012-LV,LV,pears,bears,0
C013-LV,LV,suit,shirt,0
C013-LV,LV,ring,0,0
C013-LV,LV,ball,ball,1
C013-LV,LV,coat,,0
C013-LV,LV,kite,kite,1
C013-LV,LV,hat,hat,1
C013-LV,LV,cut,cut,1
C013-LV,LV,boys,boys,1
C013-LV,LV,ten,ten,1
C013-LV,LV,mouse,mouse,1
C013-LV,LV,clock,clock,1
C013-LV,LV,foot,foot,1
C013-LV,LV,house,house,1
C013-LV,LV,leg,leg,1
C013-LV,LV,piers,0,0
C013-LV,LV,shark,shark,1
C013-LV,LV,bees,bees,1
C013-LV,LV,skirt,skirt,1
C013-LV,LV,cat,cat,1
C013-LV,LV,bike,bike,1
C013-LV,LV,road,road,1
C013-LV,LV,park,park,1
C013-LV,LV,shirt,shirt,1
C013-LV,LV,cot,0,0
C013-LV,LV,gate,gate,1
C013-LV,LV,cup,cup,1
C013-LV,LV,paws,0,0
C013-LV,LV,teeth,teeth,1
C013-LV,LV,lid,lid,1
C013-LV,LV,toys,0,0
C013-LV,LV,tears,0,0
C013-LV,LV,book,book,1
C013-LV,LV,food,food,1
C013-LV,LV,bears,0,0
C013-LV,LV,cake,cake,1
C013-LV,LV,pears,pears,1
C014-LV,LV,piers,0,0
C014-LV,LV,skirt,0,0
C014-LV,LV,cot,0,0
C014-LV,LV,pears,0,0
C014-LV,LV,clock,clock,1
C014-LV,LV,leg,leg,1
C014-LV,LV,ten,ten,1
C014-LV,LV,mouse,mouse,1
C014-LV,LV,tears,0,0
C014-LV,LV,foot,foot,1
C014-LV,LV,lid,0,0
C014-LV,LV,hat,0,0
C014-LV,LV,paws,0,0
C014-LV,LV,ring,0,0
C014-LV,LV,coat,0,0
C014-LV,LV,shark,0,0
C014-LV,LV,suit,0,0
C014-LV,LV,kite,0,0
C014-LV,LV,book,book,1
C014-LV,LV,cup,cup,1
C014-LV,LV,house,0,0
C014-LV,LV,gate,0,0
C014-LV,LV,shirt,0,0
C014-LV,LV,cat,cat,1
C014-LV,LV,bees,0,0
C014-LV,LV,toys,0,0
C014-LV,LV,cut,cut,1
C014-LV,LV,road,0,0
C014-LV,LV,ball,ball,1
C014-LV,LV,teeth,teeth,1
C014-LV,LV,food,0,0
C014-LV,LV,cake,cake,1
C014-LV,LV,bike,0,0
C014-LV,LV,park,0,0
C014-LV,LV,bears,0,0
C014-LV,LV,boys,0,0
C015-LV,LV,hat,hat,1
C015-LV,LV,kite,0,0
C015-LV,LV,foot,foot,1
C015-LV,LV,bees,0,0
C015-LV,LV,road,0,0
C015-LV,LV,cake,cake,1
C015-LV,LV,ten,ten,1
C015-LV,LV,clock,clock,1
C015-LV,LV,house,house,1
C015-LV,LV,bears,bears,1
C015-LV,LV,toys,toys,1
C015-LV,LV,skirt,0,0
C015-LV,LV,bike,0,0
C015-LV,LV,ball,ball,1
C015-LV,LV,boys,boys,1
C015-LV,LV,teeth,teeth,1
C015-LV,LV,gate,gate,1
C015-LV,LV,cat,cat,1
C015-LV,LV,suit,0,0
C015-LV,LV,park,park,1
C015-LV,LV,paws,0,0
C015-LV,LV,pears,pears,1
C015-LV,LV,book,book,1
C015-LV,LV,piers,0,0
C015-LV,LV,shark,0,0
C015-LV,LV,cup,cup,1
C015-LV,LV,leg,leg,1
C015-LV,LV,shirt,shirt,1
C015-LV,LV,cot,0,0
C015-LV,LV,lid,0,0
C015-LV,LV,cut,cut,1
C015-LV,LV,tears,0,0
C015-LV,LV,ring,0,0
C015-LV,LV,mouse,0,0
C015-LV,LV,food,food,1
C015-LV,LV,coat,0,0
C016-LV,LV,gate,,0
C016-LV,LV,teeth,teeth,1
C016-LV,LV,cat,cat,1
C016-LV,LV,hat,hat,1
C016-LV,LV,bike,bike,1
C016-LV,LV,leg,leg,1
C016-LV,LV,ten,ten,1
C016-LV,LV,paws,0,0
C016-LV,LV,bees,bees,1
C016-LV,LV,cot,cot,1
C016-LV,LV,lid,lid,1
C016-LV,LV,piers,piers,1
C016-LV,LV,coat,0,0
C016-LV,LV,cut,cut,1
C016-LV,LV,skirt,0,0
C016-LV,LV,toys,toys,1
C016-LV,LV,pears,0,0
C016-LV,LV,mouse,mouse,1
C016-LV,LV,house,house,1
C016-LV,LV,shirt,0,0
C016-LV,LV,bears,bears,1
C016-LV,LV,road,road,1
C016-LV,LV,cake,cake,1
C016-LV,LV,park,park,1
C016-LV,LV,tears,tears,1
C016-LV,LV,ball,ball,1
C016-LV,LV,kite,kite,1
C016-LV,LV,suit,suit,1
C016-LV,LV,foot,foot,1
C016-LV,LV,clock,clock,1
C016-LV,LV,food,food,1
C016-LV,LV,ring,ring,1
C016-LV,LV,shark,shark,1
C016-LV,LV,book,book,1
C016-LV,LV,cup,cup,1
C016-LV,LV,boys,boys,1
C017-LV,LV,park,park,1
C017-LV,LV,skirt,skirt,1
C017-LV,LV,cup,cup,1
C017-LV,LV,food,food,1
C017-LV,LV,cake,cake,1
C017-LV,LV,tears,tears,1
C017-LV,LV,teeth,teeth,1
C017-LV,LV,hat,hat,1
C017-LV,LV,bike,0,0
C017-LV,LV,pears,0,0
C017-LV,LV,paws,0,0
C017-LV,LV,cot,0,0
C017-LV,LV,road,road,1
C017-LV,LV,house,house,1
C017-LV,LV,coat,,0
C017-LV,LV,bees,bees,1
C017-LV,LV,toys,toys,1
C017-LV,LV,book,book,1
C017-LV,LV,gate,,0
C017-LV,LV,shirt,,0
C017-LV,LV,bears,bears,1
C017-LV,LV,boys,boys,1
C017-LV,LV,lid,,0
C017-LV,LV,foot,,0
C017-LV,LV,shark,,0
C017-LV,LV,suit,,0
C017-LV,LV,clock,clock,1
C017-LV,LV,kite,,0
C017-LV,LV,ten,ten,1
C017-LV,LV,piers,,0
C017-LV,LV,mouse,mouse,1
C017-LV,LV,leg,,0
C017-LV,LV,ring,,0
C017-LV,LV,cat,cat,1
C017-LV,LV,cut,cut,1
C017-LV,LV,ball,ball,1
C018-LV,LV,ten,ten,1
C018-LV,LV,lid,lid,1
C018-LV,LV,cat,cat,1
C018-LV,LV,boys,boys,1
C018-LV,LV,suit,suit,1
C018-LV,LV,toys,toys,1
C018-LV,LV,kite,kite,1
C018-LV,LV,ball,ball,1
C018-LV,LV,food,food,1
C018-LV,LV,mouse,mouse,1
C018-LV,LV,coat,coat,1
C018-LV,LV,cot,cot,1
C018-LV,LV,skirt,skate,0
C018-LV,LV,clock,clock,1
C018-LV,LV,cup,cup,1
C018-LV,LV,gate,gate,1
C018-LV,LV,road,road,1
C018-LV,LV,tears,toys,0
C018-LV,LV,paws,0,0
C018-LV,LV,bears,bears,1
C018-LV,LV,piers,0,0
C018-LV,LV,book,book,1
C018-LV,LV,cake,cake,1
C018-LV,LV,teeth,teeth,1
C018-LV,LV,shark,shark,1
C018-LV,LV,cut,cut,1
C018-LV,LV,hat,hat,1
C018-LV,LV,foot,leg,0
C018-LV,LV,leg,leg,1
C018-LV,LV,park,park,1
C018-LV,LV,bike,0,0
C018-LV,LV,house,house,1
C018-LV,LV,ring,ring,1
C018-LV,LV,shirt,suit,0
C018-LV,LV,pears,0,0
C018-LV,LV,bees,bees,1
C019-LV,LV,foot,leg,0
C019-LV,LV,ring,0,0
C019-LV,LV,hat,hat,1
C019-LV,LV,park,0,0
C019-LV,LV,food,0,0
C019-LV,LV,book,book,1
C019-LV,LV,bike,0,0
C019-LV,LV,mouse,mouse,1
C019-LV,LV,coat,coat,1
C019-LV,LV,piers,0,0
C019-LV,LV,tears,0,0
C019-LV,LV,cot,0,0
C019-LV,LV,cup,cup,1
C019-LV,LV,paws,0,0
C019-LV,LV,bears,bears,1
C019-LV,LV,house,house,1
C019-LV,LV,bees,bees,1
C019-LV,LV,boys,boys,1
C019-LV,LV,gate,0,0
C019-LV,LV,cut,0,0
C019-LV,LV,lid,lid,1
C019-LV,LV,kite,0,0
C019-LV,LV,skirt,0,0
C019-LV,LV,teeth,teeth,1
C019-LV,LV,pears,pears,1
C019-LV,LV,cake,cake,1
C019-LV,LV,toys,0,0
C019-LV,LV,cat,cat,1
C019-LV,LV,ten,ten,1
C019-LV,LV,ball,ball,1
C019-LV,LV,road,0,0
C019-LV,LV,leg,leg,1
C019-LV,LV,suit,0,0
C019-LV,LV,shirt,0,0
C019-LV,LV,shark,shark,1
C019-LV,LV,clock,0,0
C020-LV,LV,bees,bees,1
C020-LV,LV,pears,pears,1
C020-LV,LV,skirt,skirt,1
C020-LV,LV,house,house,1
C020-LV,LV,shark,shark,1
C020-LV,LV,foot,foot,1
C020-LV,LV,cup,cup,1
C020-LV,LV,cat,cat,1
C020-LV,LV,ring,ring,1
C020-LV,LV,clock,clock,1
C020-LV,LV,paws,paws,1
C020-LV,LV,teeth,teeth,1
C020-LV,LV,suit,suit,1
C020-LV,LV,tears,tears,1
C020-LV,LV,cot,coat,0
C020-LV,LV,coat,coat,1
C020-LV,LV,kite,0,0
C020-LV,LV,food,food,1
C020-LV,LV,mouse,mouse,1
C020-LV,LV,bike,bike,1
C020-LV,LV,piers,piers,1
C020-LV,LV,boys,boys,1
C020-LV,LV,ball,ball,1
C020-LV,LV,gate,gate,1
C020-LV,LV,cake,cake,1
C020-LV,LV,leg,leg,1
C020-LV,LV,bears,bears,1
C020-LV,LV,ten,ten,1
C020-LV,LV,park,park,1
C020-LV,LV,lid,lid,1
C020-LV,LV,shirt,shirt,1
C020-LV,LV,book,book,1
C020-LV,LV,hat,hat,1
C020-LV,LV,cut,cut,1
C020-LV,LV,toys,toys,1
C020-LV,LV,road,road,1
C021-LV,LV,suit,,0
C021-LV,LV,boys,0,0
C021-LV,LV,cut,coat,0
C021-LV,LV,tears,0,0
C021-LV,LV,bears,bears,1
C021-LV,LV,bees,bees,1
C021-LV,LV,paws,0,0
C021-LV,LV,coat,coat,1
C021-LV,LV,cake,cake,1
C021-LV,LV,ball,ball,1
C021-LV,LV,ten,ten,1
C021-LV,LV,shirt,shirt,1
C021-LV,LV,cat,cat,1
C021-LV,LV,skirt,0,0
C021-LV,LV,hat,hat,1
C021-LV,LV,leg,leg,1
C021-LV,LV,park,0,0
C021-LV,LV,piers,,0
C021-LV,LV,food,food,1
C021-LV,LV,pears,0,0
C021-LV,LV,mouse,mouse,1
C021-LV,LV,road,0,0
C021-LV,LV,house,0,0
C021-LV,LV,kite,kate,0
C021-LV,LV,book,book,1
C021-LV,LV,lid,lid,1
C021-LV,LV,gate,0,0
C021-LV,LV,clock,clock,1
C021-LV,LV,bike,0,0
C021-LV,LV,cup,cup,1
C021-LV,LV,toys,toys,1
C021-LV,LV,cot,0,0
C021-LV,LV,teeth,teeth,1
C021-LV,LV,shark,0,0
C021-LV,LV,foot,0,0
C021-LV,LV,ring,0,0
C022-LV,LV,tears,0,0
C022-LV,LV,toys,toys,1
C022-LV,LV,pears,bees,0
C022-LV,LV,kite,0,0
C022-LV,LV,shirt,shirt,1
C022-LV,LV,teeth,teeth,1
C022-LV,LV,book,book,1
C022-LV,LV,road,road,1
C022-LV,LV,house,house,1
C022-LV,LV,shark,0,0
C022-LV,LV,leg,leg,1
C022-LV,LV,hat,hat,1
C022-LV,LV,ball,ball,1
C022-LV,LV,boys,0,0
C022-LV,LV,ten,ten,1
C022-LV,LV,food,food,1
C022-LV,LV,cut,cat,0
C022-LV,LV,gate,0,0
C022-LV,LV,bears,0,0
C022-LV,LV,foot,0,0
C022-LV,LV,cot,cot,1
C022-LV,LV,cat,cat,1
C022-LV,LV,paws,0,0
C022-LV,LV,bees,bees,1
C022-LV,LV,skirt,skate,0
C022-LV,LV,cake,cake,1
C022-LV,LV,bike,0,0
C022-LV,LV,coat,0,0
C022-LV,LV,lid,0,0
C022-LV,LV,cup,cup,1
C022-LV,LV,piers,mouse,0
C022-LV,LV,ring,park,0
C022-LV,LV,clock,clock,1
C022-LV,LV,suit,0,0
C022-LV,LV,mouse,mouse,1
C022-LV,LV,park,0,0
C023-LV,LV,hat,hat,1
C023-LV,LV,teeth,teeth,1
C023-LV,LV,balll,balll,1
C023-LV,LV,leg,leg,1
C023-LV,LV,pears,pears,1
C023-LV,LV,ring,0,0
C023-LV,LV,paws,0,0
C023-LV,LV,ten,ten,1
C023-LV,LV,suit,0,0
C023-LV,LV,lid,0,0
C023-LV,LV,skirt,skirt,1
C023-LV,LV,kite,0,0
C023-LV,LV,book,book,1
C023-LV,LV,cot,0,0
C023-LV,LV,tears,0,0
C023-LV,LV,shark,shark,1
C023-LV,LV,shirt,shirt,1
C023-LV,LV,bees,bees,1
C023-LV,LV,clock,clock,1
C023-LV,LV,boys,boys,1
C023-LV,LV,mouse,mouse,1
C023-LV,LV,house,house,1
C023-LV,LV,cut,cut,1
C023-LV,LV,food,food,1
C023-LV,LV,piers,0,0
C023-LV,LV,cup,cup,1
C023-LV,LV,bike,0,0
C023-LV,LV,cake,cake,1
C023-LV,LV,foot,foot,1
C023-LV,LV,road,0,0
C023-LV,LV,gate,0,0
C023-LV,LV,toys,0,0
C023-LV,LV,coat,0,0
C023-LV,LV,bears,bears,1
C023-LV,LV,park,0,0
C023-LV,LV,cat,cat,1
C024-LV,LV,skirt,skate,0
C024-LV,LV,hat,hat,1
C024-LV,LV,ten,ten,1
C024-LV,LV,book,0,0
C024-LV,LV,bees,bees,1
C024-LV,LV,teeth,teeth,1
C024-LV,LV,mouse,mouse,1
C024-LV,LV,coat,coat,1
C024-LV,LV,cup,cup,1
C024-LV,LV,bears,bears,1
C024-LV,LV,house,house,1
C024-LV,LV,clock,clock,1
C024-LV,LV,kite,0,0
C024-LV,LV,ring,ring,1
C024-LV,LV,bike,0,0
C024-LV,LV,cot,coat,0
C024-LV,LV,foot,foot,1
C024-LV,LV,food,food,1
C024-LV,LV,toys,toys,1
C024-LV,LV,leg,leg,1
C024-LV,LV,pears,pears,1
C024-LV,LV,gate,0,0
C024-LV,LV,road,road,1
C024-LV,LV,boys,boys,1
C024-LV,LV,paws,paws,1
C024-LV,LV,shirt,shirt,1
C024-LV,LV,suit,suit,1
C024-LV,LV,cut,cut,1
C024-LV,LV,tears,tears,1
C024-LV,LV,ball,ball,1
C024-LV,LV,cake,cake,1
C024-LV,LV,lid,lid,1
C024-LV,LV,shark,shark,1
C024-LV,LV,cat,cat,1
C024-LV,LV,piers,0,0
C024-LV,LV,park,park,1
